CÃ³d Suc;Desc;Precio;Costo;Ganancia_$;Margen_%
3;AC NEG CONDIMENTA;23999,9;10889,748;13110,152;54,63
4;AJI EN VINAGRE DESPUNTADOS;26999,9;13999,033;13000,867;48,15
5;PICKLES;9799,9;4671,833;5128,067;52,33
6;AC NEG SUPER;23999,9;11759,192;12240,708;51
8;CEREZAS AL MARRASCHINO;29999,9;15261,334;14738,566;49,13
9;PEPINITOS;20499,9;11334,45;9165,45;44,71
11;CEBOLLITAS;19999,9;11334,45;8665,45;43,33
12;AC NEG GRIEGAS;20999,9;9878,869;11121,031;52,96
13;AC VDE DESCAROZADAS;15999,9;7611,976;8387,924;52,42
19;BOLSAS ECOLOGICAS;499,99;312,674;187,316;37,46
20;PAPAS C/AMERIC X BOLSA;8399,99;5580,322;2819,668;33,57
23;AC VDES SUPER;16999,9;7895,799;9104,101;53,55
25;ALCAPARRA 65GS.;4399,99;2766,74;1633,25;37,12
27;MORRON LATA X 135G;1999,99;1324,438;675,552;33,78
29;ANCHOA 90G.;6999,9;4474,731;2525,169;36,07
31;PALMITO CUMANA X 396;4599,99;3286,137;1313,853;28,56
32;PAPAS PAY;1299,99;853,609;446,381;34,34
33;AC NEG DESCAROZADAS;21999,9;10761,761;11238,139;51,08
37;ANCHOA EN ACEITE X 3UN.;919,99;557,324;362,666;39,42
45;PEPINOS AGRIDULCES;19499,99;10737,894;8762,096;44,93
46;CHUCRUT FCO 660G.;12499,99;8083,072;4416,918;35,34
47;AC VDE C/ALMENDRAS;47999,9;29013,13;18986,77;39,56
49;TOMATE PERITA;1199,99;823,597;376,393;31,37
52;ALF FRUT ROJOS LA BUSTINCERA;2299,99;1466,116;833,874;36,26
57;CEREZAS X 135G;5299,99;3328,918;1971,072;37,19
75;MANI CON VAINA;9999,9;5532,869;4467,031;44,67
77;CHIZITO BOLSA;4199,99;3000,587;1199,403;28,56
80;CONOS MAXI QUESO;1259,99;840,193;419,797;33,32
81;MAY. NATURA SACHET X 125 G;699,99;481,276;218,714;31,25
85;CHIMI VANOLI X 350 G CLASICO;2199,99;1490,493;709,497;32,25
87;LEBER CALCHAQUI;1399,99;1003,021;396,969;28,36
88;LUPINES X 200G;4599,99;2863,429;1736,561;37,75
92;DURAZNOS CUMANA;2599,99;1839,892;760,098;29,23
93;PAPAS SABOR KETCHUP;1399,99;891,402;508,588;36,33
94;MORTADELITA CALCHAQUI;3149,99;2151,862;998,128;31,69
100;SOPRESATTA NAHUEL AL VACIO;5999,99;3499,304;2500,686;41,68
101;FUET BOCATTI;4899,99;3379,845;1520,145;31,02
103;MAY. NATURA  X 250 G POUCH;1499,99;1040,877;459,113;30,61
106;PRE PIZZA  ADSER;2599,99;1729,189;870,801;33,49
108;VINO NIETO SENETINER MALBEC;7899,99;6033,029;1866,961;23,63
111;MANI JAPONES JAMON J.L;14999,9;8010,643;6989,257;46,6
112;MANTECA X 100 PAULINA;2099,99;1439,367;660,623;31,46
113;MANTECA X 200 PAULINA;3899,99;2734,698;1165,292;29,88
116;QUESO UNT.FONTINA PAULINA;2299,99;1605,633;694,357;30,19
119;PROVOLETA EN CAZUELA;24599,99;15484,26;9115,73;37,06
120;FIGAZAS ARABES ADSER;1599,99;1069,863;530,127;33,13
124;BASTONITOS X 60 GRS;1099,99;749,689;350,301;31,85
125;KETCHUP NATURA X 250 G;1649,99;1113,149;536,841;32,54
126;PAPAS FRITAS;26999,99;13286,48;13713,51;50,79
127;PAPAS CORTE AMERICANO;26999,99;13286,48;13713,51;50,79
128;PALITOS SALADOS;14599,99;8572,846;6027,144;41,28
129;CHIZITOS;17499,99;10001,958;7498,032;42,85
130;MANI RE-PELADO;18999,99;10917,664;8082,326;42,54
133;PAPAS FRITAS X 105G;2399,99;1587,441;812,549;33,86
146;DULC DE LECH S/AZUC X 450;5999,99;4089,523;1910,467;31,84
159;BASTONITOS;19499,9;10996,513;8503,387;43,61
163;PIZZETAS ADSER;1799,99;1244,016;555,974;30,89
164;MANI JAPONES PIZZA J.L;14999,9;8010,643;6989,257;46,6
165;MIEL C/LIMON X 500;4999,99;3340,679;1659,311;33,19
169;RALLADO PAULINA 40G;1359,99;956,366;403,624;29,68
171;QUESO RALLADO EN POTE;16999,9;8342,002;8657,898;50,93
172;MIEL ORGANIC CREMOSA X 500;6099,99;4056,542;2043,448;33,5
174;PEBETES;1549,99;1063,666;486,324;31,38
175;MANI JAPONES QUESO J.L;14999,9;8010,643;6989,257;46,6
185;ATUN EN ACEITE;3099,99;2137,484;962,506;31,05
186;ATUN AL NATURAL;3199,99;2137,484;1062,506;33,2
187;TAPA EMP PREMIUM ORALI;1859,99;1227,995;631,995;33,98
188;SALAME BOCATTI FETEADO;2199,99;1508,533;691,457;31,43
202;BATATA LATA ESNAOLA;4599,99;2802,195;1797,795;39,08
203;BAT CON CHOCO LATA;4599,99;2802,195;1797,795;39,08
204;BATATA CON GUINDA;6499,99;4038,063;2461,927;37,88
205;MEMBRILLO ESNAOLA;5599,99;3437,171;2162,819;38,62
206;BATATA CAJON;2899,99;1772,315;1127,675;38,89
207;BAT CON CHOCO CAJON;2899,99;1772,315;1127,675;38,89
208;MEMBRILLO CAJON;3599,99;2175,434;1424,556;39,57
211;BOCADITOS DE HIGO C/NUEZ;329,99;196,771;133,219;40,37
212;PAPAS CHEDDAR X 55 GRS;1349,99;891,46;458,53;33,97
215;MANI RE PELADO SIN SAL;7199,9;4209,827;2990,073;41,53
224;PASAS DE UVA SULTANINAS;9249,9;5443,639;3806,261;41,15
225;CIRUELAS PRES.S/CAROZO;19399,9;11426,599;7973,301;41,1
226;CIRUELAS DAGEN S/CAROZO;10599,9;6254,558;4345,342;40,99
227;CIRUELAS DAGEN C/CAROZO;9999,9;5833,579;4166,321;41,66
228;PERAS WILLIAMS;18499,9;10768,939;7730,961;41,79
230;OREJONES DE DURAZNO;23999,9;14200,801;9799,099;40,83
234;PASTRON AHUMADO;41199,9;22280,652;18919,248;45,92
236;LOMO IBERICO;37999,99;18179,956;19820,034;52,16
239;ROMANITO;21999,99;12499,905;9500,085;43,18
245;HUEVOS;1999,99;1370,125;629,865;31,49
246;BONDIOLA ESF X 100 GRS;34599,9;18197,338;16402,562;47,41
256;BONDIOLA ESF X 1/4 KG;32399,96;18197,338;14202,622;43,84
262;MERM.FRUT ROJ S/AZUC CORMILLOT;4459,99;2980,705;1479,285;33,17
270;MEMB. LIGHT S/AZUCAR CORMILLOT;2699,99;1811,277;888,713;32,92
280;PISTACHIO;76999,9;46744,293;30255,607;39,29
282;GANCIA AMERICANO 1L;7099,99;5440,287;1659,703;23,38
293;QUESO DE CABRA;54999,99;37411,688;17588,302;31,98
295;QUESO GOUDA;21999,99;14796,132;7203,858;32,74
296;SALAME MILAN GIGANTE NAHUEL;19499,9;10181,167;9318,733;47,79
298;MOZZARELLA BOCCONCINI;34599,99;17432,673;17167,317;49,62
300;BURRATA;9699,99;6068,452;3631,538;37,44
303;PAN ARABE INTEG ADSER;1499,99;1069,863;430,127;28,68
307;POR SALUT S/SAL LA FINCA;9799,99;5965,495;3834,495;39,13
331;MERM ARAND LIGHT LAS QUINAS;5999,99;4056,542;1943,448;32,39
334;ALMENDRAS CON CHOCOLATE;6999,99;4497,689;2502,301;35,75
342;JAMON NATURAL EST SAN FRANC;23999,9;14177,152;9822,748;40,93
347;MERM FRUT LIGHT LAS QUINAS;5999,99;4056,542;1943,448;32,39
349;BATATITAS NUEST SABORES;1249,99;797,963;452,027;36,16
360;PROMOCION 13;6299,99;4317,038;1982,952;31,48
361;PROMOCION 9;7099,99;4892,343;2207,647;31,09
369;LOMO HORNEADO BOCATTI;28999,9;14176,336;14823,564;51,12
375;CHIPS MANDIOCA NUEST SABORES;1199,99;797,963;402,027;33,5
376;SPIANATTA;37999,9;18164,123;19835,777;52,2
379;LONGANIZA PICANTE NAHUEL;25499,99;14347,133;11152,857;43,74
381;SALSA POMAROLA VANOLI;1899,99;1234,791;665,199;35,01
387;TAPA EMP ORALI;1299,99;876,86;423,13;32,55
390;PAPAS RUSTICAS NUEST SABORES;1359,99;825,44;534,55;39,31
392;PAN ARABE COPETIN ADSER;1499,99;1069,863;430,127;28,68
399;JAMON CRUDO DESHUESADO;51299,99;21361,821;29938,169;58,36
400;JAM.COCIDO ITALIANO BOCATTI;24599,9;15800,138;8799,762;35,77
402;JAM.COCIDO EST.SAN FRANCISC;19999,9;10965,011;9034,889;45,17
403;JAM. CRUDO PARMA EST SAN FR;69999,9;28996,141;41003,759;58,58
404;JAMON CRUDO NACIONAL;31999,9;15463,814;16536,086;51,68
405;JAMON CRUDO PROMO X 1/4 KG.;19199,96;11174,399;8025,561;41,8
406;BONDIOLA PROMO;27999,9;15155,272;12844,628;45,87
407;LOMO AHUMADO;22999,9;12374,812;10625,088;46,2
408;LOMO NATURAL AHUMADO;27999,9;13737,63;14262,27;50,94
410;JAMON CRUDO SERRANO;49999,9;23887,6;26112,3;52,22
415;NUCREM GEORGALOS;19499,99;12559,373;6940,617;35,59
417;SALAME MILAN ESPANOL;36999,9;18760,104;18239,796;49,3
418;SALAMIN FINO 214;24999,99;13108,046;11891,944;47,57
419;SALAMIN GRUESO 214;24999,99;13108,046;11891,944;47,57
422;CANDELARIO;29599,99;16014,737;13585,253;45,9
423;QUESO DE CERDO;11999,9;6719,632;5280,268;44
424;MORTAD.BOCHA CALCHAQUI;10499,9;6811,767;3688,133;35,13
425;FIAMBRIN;17599,9;11036,289;6563,611;37,29
426;SALAME PEPERONI;26999,9;15081,576;11918,324;44,14
428;SARDO OFERTA;7099,99;5005,197;2094,793;29,5
429;CREMOSO X 1/2 HORMA;5799,99;5036,229;763,761;13,17
431;MERM.FRAMBU C MICO;13199,99;8817,163;4382,827;33,2
432;SARDO SAN FRANCISCO;20599,99;11971,74;8628,25;41,88
433;COOKIES CHOCO C SEMILLAS;2299,99;1525,294;774,696;33,68
435;REGGIANITO PAULINA;30999,99;18645,163;12354,827;39,85
436;MERM.FRUTILLA C MICO;7999,99;5280,547;2719,443;33,99
438;FONTINA SAN ISIDRO;18999,99;11919,628;7080,362;37,27
439;FONTINA SUIZO;24599,9;15206,316;9393,584;38,19
440;GRUYERE;29999,99;18117,82;11882,17;39,61
441;MAR DEL PLATA OFERTA;13499,99;9689,504;3810,486;28,23
442;MAR DEL PLATA DE CAMPO;20899,99;12534,834;8365,156;40,02
443;PATEGRAS PAULINA;21999,99;13896,937;8103,053;36,83
447;MERM.MOSQUETA C MICO;6699,99;4456,797;2243,193;33,48
450;TALUHET;21499,99;12850,231;8649,759;40,23
451;CREMOSO LA PAULINA X 1/2 HO;7099,99;5585,415;1514,575;21,33
452;CREMOSO PAULINA;7859,99;5585,415;2274,575;28,94
453;PORT SALUT LA PAULINA;10999,99;7159,57;3840,42;34,91
456;SALCH.PRIMAVERA PROMO;8199,96;5161,71;3038,25;37,05
457;JAMON COCIDO PROMO X 1/4KG.;11999,96;7835,973;4163,987;34,7
458;JAMON COCIDO PROMO X 100G;14499,9;7835,973;6663,927;45,96
461;SALAME PROMO X 1/4;14399,96;9209,766;5190,194;36,04
462;SALAME PROMO X 100G;15499,9;9209,766;6290,134;40,58
465;BARRA PROMO;10999,96;6984,008;4015,952;36,51
466;BARRA PAULINA;14399,9;8448,293;5951,607;41,33
468;MORTADELA PROMOCION;7999,96;5161,71;2838,25;35,48
470;PICADA ESPECIAL;3399,99;2321,795;1078,195;31,71
471;RICOTTA;5299,99;3280,304;2019,686;38,11
473;MORTADELA ITALIANA C/PISTA;19999,9;7794,213;12205,687;61,03
475;PORT SALUT EST SAN FRANCISCO;9999,99;6455,35;3544,64;35,45
477;SALCH.C/JAMON PROMO X 100 G;9299,9;5173,646;4126,254;44,37
479;SALCH.PRIMA PROMO X 100 G;8999,9;5161,71;3838,19;42,65
482;SARDO ESF X  1/2 HORMA;18499,99;11971,74;6528,25;35,29
485;PROVOLETA PARRILLERA;20599,99;12548,567;8051,423;39,08
487;CERV BLEST BOCK X 355 CC;2799,99;2156,862;643,128;22,97
488;SALAME MILAN ESPECIAL;25499,9;13741,773;11758,127;46,11
489;MERM. FRAMB CORMILLOT;3959,99;2635,813;1324,177;33,44
490;PIZZETA INDIVIDUAL MALU;1999,99;1403,663;596,327;29,82
491;PANCETA SALADA;32999,9;16614,874;16385,026;49,65
492;CRIOLLO 214;30999,99;17686,485;13313,505;42,95
494;PROMOCION 4;7499,99;4976,055;2523,935;33,65
495;TAPA EMP HOJALDRE ORALI;1349,99;876,86;473,13;35,05
496;PROMOCION 1;7099,99;4902,163;2197,827;30,96
497;PROMOCION 2;8699,99;5804,488;2895,502;33,28
498;PROMOCION 3;6299,99;4326,858;1973,132;31,32
499;PARMESANO EST SAN FRANCISCO;29599,99;17350,866;12249,124;41,38
501;LEBERWURST EN TRIPA;7799,99;4445,283;3354,707;43,01
505;LONGANIZA SUPER;29999,9;15332,935;14666,965;48,89
507;MERM FRUT CORMILLOT;3199,99;2120,794;1079,196;33,72
508;MERM DURAZ CORMILLOT;2499,99;1659,635;840,355;33,61
509;CAMEMBERT;7899,99;5173,306;2726,684;34,52
510;POSTRE BOMBON;9999,99;5008,258;4991,732;49,92
512;MERM FRUT LAS QUINAS;4999,99;3340,679;1659,311;33,19
514;CERV BLEST IPA X 355 CC;2999,99;2322,588;677,402;22,58
516;BARRA SAN FRANCISCO X 1/4;11999,96;7760,974;4238,986;35,33
518;BARRA SAN FRANCISCO X 100;12999,9;7760,974;5238,926;40,3
521;MERM DURAZNO ESNAOLA;3999,99;2727,338;1272,652;31,82
522;CREMOSO EST SAN FRANCISCO;7599,99;5619,676;1980,314;26,06
523;JAMON NATURAL PROMO X 1/4;17199,96;7964,224;9235,736;53,7
525;PROMO SALAME Y QUESO;5899,99;3983,755;1916,235;32,48
526;COOKIES CHOCO C CHIPS;2299,99;1525,294;774,696;33,68
527;BONDIOLA ARTESANAL;37999,9;18711,642;19288,258;50,76
529;JAMON CRUDO DE LA CASA;47999,9;21690,469;26309,431;54,81
530;LOMO HORNEADO;28599,9;13884,871;14715,029;51,45
531;PROVOLONE;24999,99;13908,345;11091,645;44,37
538;MERM.ARANDANO C MICO;7299,99;4825,386;2474,604;33,9
542;JAMON CRUDO DESHUESADO SERR;55999,9;23525,666;32474,234;57,99
544;SALCHICHA ALEMANA C/PIEL FR;15999,99;10703,604;5296,386;33,1
545;SALCHICHA DEBRECZIN FRIOLIN;18299,99;12180,471;6119,519;33,44
547;VINO PRIV J RUBIO CAB;8899,99;6841,744;2058,246;23,13
553;RECARGAS;6049,99;4320,765;1729,225;28,58
554;COOKIES VAINI C SEMILLAS;2299,99;1525,294;774,696;33,68
558;VIENA COPETIN FRIOLIN;18299,99;11826,542;6473,448;35,37
559;CHORIZO ALEMAN FRIOLIN;15999,99;10379,956;5620,034;35,13
561;PECHUGA DE PAVO;33999,99;21922,028;12077,962;35,52
563;PALITOS SABOR QUESO;10599,9;5365,217;5234,683;49,38
564;PALITOS SABOR JAMON;10599,9;5365,217;5234,683;49,38
567;BARRA PAULINA X 1/4 KG;13599,96;8448,293;5151,667;37,88
568;MASCARPONE FESTA;4399,99;2926,832;1473,158;33,48
569;MERM DAMASC CORMILLOT;2499,99;1659,635;840,355;33,61
573;CERV BLEST PILSEN X 355 CC;2799,99;2156,862;643,128;22,97
576;MERM.FRUTILLA LOS CAROLINOS;3699,99;2473,737;1226,253;33,14
580;EST. TRUMPETER RES BLEND;17499,99;13222,024;4277,966;24,45
586;ACEITUNAS MIXTAS M.W;43999,9;26642,168;17357,732;39,45
588;MERM.ZAPALLO LOS CAROLINOS;3399,99;2248,844;1151,146;33,86
596;AC.VDE RELL NATURAL;35999,9;21292,944;14706,956;40,85
601;MERM.HIGO LOS CAROLINOS;3399,99;2248,844;1151,146;33,86
604;JAMON NATURAL PROMO X 100 G;18499,9;7964,224;10535,676;56,95
605;TAPA PASC PREMIUM ORALI;2199,99;1455,106;744,884;33,86
610;PROMOCION 12;6599,99;4400,485;2199,505;33,33
619;TORTILLAS ORALI;1499,99;1006,072;493,918;32,93
626;REGGIANITO DON SEVERINO;20599,99;12147,795;8452,195;41,03
634;PRETZELS AUTENTA X 150 G;4999,99;3507,297;1492,693;29,85
638;PROMO 15;10499,99;7223,47;3276,52;31,2
640;CREMA PAULINA;2299,99;1640,68;659,31;28,67
641;PROMO JAMON CRUDO Y QUESO;6799,99;4384,4;2415,59;35,52
645;PROMO 8 (JAMON Y QUESO);6499,99;4334,082;2165,908;33,32
647;AC VDE C/PROVOLONE;44999,9;27281,577;17718,323;39,37
649;PROMO 16;7299,99;4785,985;2514,005;34,44
650;JAM.COCIDO BAJO EN SODIO;18999,9;9316,831;9683,069;50,96
652;SARDO MIGUE;20799,99;12980,453;7819,537;37,59
664;TAPA PASC MIX DE SEMILLAS ORAL;2899,99;1960,009;939,981;32,41
665;PIONONO ORALI;2799,99;1776,688;1023,302;36,55
668;CERV BLEST SCOTCH X 355 CC;2799,99;2156,862;643,128;22,97
671;ANANA GLASEADO;49999,9;30845,998;19153,902;38,31
672;CREMOSO ESF X 1/2 HORMA;6799,99;5619,676;1180,314;17,36
675;MANI CON CHOCOLATE;3749,99;2586,166;1163,824;31,04
676;PASA DE UVA CON CHOCOLATE;3899,99;2698,606;1201,384;30,8
680;QUESO BRIE;34999,99;20038,533;14961,457;42,75
689;MANI JAPONES;7999,9;4865,867;3134,033;39,18
700;JAMON CRUDO PROMO X 100 GRS;21499,9;11174,399;10325,501;48,03
701;PANC AHUMADA EST SAN FRANCISCO;29999,9;15460,81;14539,09;48,46
702;SALAMIN FINO EST SAN FRANCI;29999,9;15458,615;14541,285;48,47
707;PAPAS C/PIMIENTA NUEST SABORES;1359,99;825,44;534,55;39,31
710;SALAMIN GRUESO EST SAN FRAN;29999,9;15458,615;14541,285;48,47
712;NUEZ CON CASCARA;11599,9;7043,62;4556,28;39,28
716;LONGANIZA EST SAN FRANCISCO;29999,9;15332,935;14666,965;48,89
734;LECHE LS DESC LARGA VIDA;1899,99;1655,797;244,193;12,85
736;PATEGRAS SAB. PIMIENTA;26599,99;17147,17;9452,82;35,54
741;QUESO CREMA PAULINA;2999,99;2114,82;885,17;29,51
742;QUESO CREMA LIGHT PAULINA;2999,99;2114,82;885,17;29,51
745;TARTELETAS CHICAS PUPPIS;5459,99;3755,84;1704,15;31,21
750;TABLA SAN FRANCISCO CHICA;34999,99;11200;23799,99;68
753;PATEGRAS SAB. AHUMADO;26599,99;17147,17;9452,82;35,54
754;TABLA CRIOLLA CHICA;26999,99;9160;17839,99;66,07
759;TABLA IBERICA CHICA;33999,99;11900;22099,99;65
761;PATEGRAS SAB. AJI;26599,99;17147,17;9452,82;35,54
762;TABLA DE QUESOS CHICA;34999,99;12100;22899,99;65,43
765;TABLA SAN FRANCISCO MEDIANA;45999,99;15400;30599,99;66,52
767;SALAME DE CERDO CAMPO AUSTRAL;24999,99;13906,608;11093,382;44,37
782;TABLA CHACARERA CHICA;30999,99;10470;20529,99;66,23
785;PALETA OFERTA X 1/4;4399,96;2587,962;1811,998;41,18
795;PALETA LAMBARE X 100 GRS;4999,9;2587,962;2411,938;48,24
796;TABLA ITALIANA MEDIANA;59999,99;21500;38499,99;64,17
802;QUESO MORBIER CON CENIZA;52999,9;11319,233;41680,667;78,64
803;TABLA TRADICIONAL CHICA;29999,99;10300;19699,99;65,67
806;CHORIZO SECO DE PURO CERDO;33999,99;21095,556;12904,434;37,95
807;PROMO 20;5699,99;3893,325;1806,665;31,7
808;TABLA TRADICIONAL MEDIANA;41999,99;24899;17100,99;40,72
809;TABLA TRADICIONAL GRANDE;77999,99;27900;50099,99;64,23
811;BARRA CON OREGANO;21199,9;12138,628;9061,272;42,74
814;TARTELETAS MEDIANAS PUPPIS;5499,99;3695,747;1804,243;32,8
819;TABLA IBERICA MEDIANA;45999,99;16300;29699,99;64,57
822;VINO TRUMPETER MALBEC X 750;8099,99;6234,518;1865,472;23,03
826;TABLA DE QUESOS MEDIANA;47999,99;16999;31000,99;64,59
829;TAPA EMP SIN TACC ORALI;2799,99;1558,779;1241,211;44,33
835;MERM DIET FRUT ROJ C MICO;8199,99;5479,548;2720,442;33,18
836;TABLA SAN FRANCISCO GRANDE;83999,99;28600;55399,99;65,95
837;TABLA CRIOLLA GRANDE;67999,99;23999;44000,99;64,71
845;CERV BLEST PILSEN LATA;2999,99;2338,374;661,616;22,05
847;SALAME A LAS FINAS HIERBAS;29499,99;16730,108;12769,882;43,29
848;PIZZETAS COPETIN ADSER;1949,99;1343,534;606,456;31,1
853;PATEGRAS SAB. ALBAHACA;26599,99;17147,17;9452,82;35,54
860;TABLA IBERICA GRANDE;85999,99;30400;55599,99;64,65
864;FERNET BRANCA X 750 ML;15699,99;12050,237;3649,753;23,25
874;PATEGRAS SAB. OREGANO;26599,99;17147,17;9452,82;35,54
878;BAT. C/CHOCO SACHET ESNAOLA;2399,99;1496,362;903,628;37,65
879;BATATA SACHET ESNAOLA X 500 GR;2299,99;1472,418;827,572;35,98
886;CREMOSO OFERTA;6299,99;5036,229;1263,761;20,06
890;MEMB.SACHET ESNAOLA;2599,99;1740,268;859,722;33,07
895;PAPAS KRACH S/SAL X 55 GRS;1399,99;944,159;455,831;32,56
917;JAM.NAT EST SAN FRANC X 1/4;21599,96;14177,152;7422,808;34,36
919;BARRA TYBO;16999,9;9769,292;7230,608;42,53
920;PROMOCION 10;5499,99;3606,833;1893,157;34,42
921;PROMOCION 11;6099,99;4098,014;2001,976;32,82
934;TAPA PASC SIN TACC ORALI;3199,99;1826,16;1373,83;42,93
952;REGGIANITO SAN FRANCISCO;25999,99;15615,785;10384,205;39,94
955;MERM ARAND LOS CAROLINOS;3699,99;2473,737;1226,253;33,14
966;TABLA EUCALIPTO GARRAFITA;21999,99;16746,082;5253,908;23,88
982;VINO STA JULIA CHENIN DULCE;6199,99;4725,833;1474,157;23,78
989;PROMOCION 6;7299,99;4845,358;2454,632;33,63
990;PROMOCION 7;5699,99;3911,766;1788,224;31,37
1025;MEDIALUNAS X 3 U ARTESANALES;1799,99;1210,378;589,612;32,76
1031;QUESO CREMA DESC FESTA;2999,99;2115,477;884,513;29,48
1048;TAPA EMP MIX DE SEMILLAS;2399,99;1607,3;792,69;33,03
1063;PROMO 22;7899,99;5315,78;2584,21;32,71
1067;QUESO CREMA FESTA;2999,99;2112,66;887,33;29,58
1069;AJO PICADO EN AC DE GIRASOL PI;4399,99;2763,782;1636,208;37,19
1071;PROMO PALETA Y QUESO;3699,99;2392,993;1306,997;35,32
1091;RICOTTA LA NINA;3999,99;2485,144;1514,846;37,87
1098;QUESO DE OVEJA PECORINO;95999,99;71491,17;24508,82;25,53
1101;AC.VDE FCO DESC X 700 G;10999,9;6824,526;4175,374;37,96
1136;TABL.CORAZ COCIDO Y CRUDO;19999,99;5984,697;14015,293;70,08
1146;TABL.CORAZ LOMITO Y SALAMIN;20999,99;6243,116;14756,874;70,27
1160;MEMB. ESNAOLA LATA X 700 G;6699,99;4629,178;2070,812;30,91
1161;VINO NINA MALBEC;7199,99;5830,942;1369,048;19,01
1162;VINO PRIV J RUBIO MALBEC;8899,99;6841,744;2058,246;23,13
1163;ALFAJOR HAEDO;749,99;485;264,99;35,33
1167;MOLINILLO MIX DE PIMIENTAS;7699,99;5490,709;2209,281;28,69
1169;BERENJENAS CASERAS;25999,9;12913,254;13086,646;50,33
1177;MERM. TOMATE LOS CAROLINOS;3399,99;2248,844;1151,146;33,86
1180;ALFAJOR CHOC BCO CACHAFAZ;1899,99;1365,943;534,047;28,11
1216;RECARGA MIX DE PIMIENTAS;6699,99;4786,771;1913,219;28,56
1240;VINO LUIGI BOSCA MALBEC;12999,99;9905,124;3094,866;23,81
1284;LEVADURA ORALI;8599,99;4643,298;3956,692;46,01
1310;PROMO BOCATTI Y QUESO;8049,99;5702,18;2347,81;29,17
1334;POR SALUT PAULINA X MEDIA H;9699,99;7159,57;2540,42;26,19
1339;BARRA CON AJI;21199,9;12138,628;9061,272;42,74
1345;GALL.DE ARROZ DULCES;1299,99;892,399;407,591;31,35
1353;PAN HAMB PAPA PAZZI;3199,99;2268,962;931,028;29,09
1354;PAN HAMB PAPA C/Q PAZZI;3999,99;2787,878;1212,112;30,3
1378;MIX ENERGETICO;12599,9;7507,795;5092,105;40,41
1382;SOJA TEXT. SABOR POLLO;1999,99;1262,831;737,159;36,86
1386;SALCHICHAS FRIOLIM X 6 U;1599,99;1079,898;520,092;32,51
1391;CREMOSO DE CABRA;41999,99;28962,221;13037,769;31,04
1399;PAN RUSTICO;4500;3350;1150;25,56
1404;PIZZETAS MALU;1999,99;1403,663;596,327;29,82
1411;VINO STA JULIA LATA CHENIN DUL;3199,99;2160,383;1039,607;32,49
1415;CYNAR;10599,99;7834,201;2765,789;26,09
1416;GALL. DE ARROZ CON SAL;1299,99;892,399;407,591;31,35
1417;GALL. DE ARROZ SIN SAL;1299,99;892,399;407,591;31,35
1421;LECHE DESLACTOSADA;2299,99;1747,416;552,574;24,03
1432;MAR DEL PLATA X MEDIA HORMA;11999,99;9689,504;2310,486;19,25
1433;MOZZARELLA X 1/2 HORMA;4999,99;4566,867;433,123;8,66
1435;SARDO OFERTA X 1/2 HORMA;5799,99;5005,197;794,793;13,7
1441;BERENJ X 350 AL ESCABECHE;5399,99;3613,635;1786,355;33,08
1452;CREMA LS;2349,99;1863,366;486,624;20,71
1453;BARRA PAULINA SABOR INTENSO;19999,9;11636,919;8362,981;41,82
1481;PAN DULCE CON CHOCOLATE FAR;3800;3000;800;21,05
1482;PAN DULCE FARGO X 400 GRS;3400;2700;700;20,59
1501;GRISINES CLASICO BLANCO;999,99;683,563;316,427;31,64
1509;JAM BOCATTI  X 1/4;21999,96;15800,138;6199,822;28,18
1525;AC.VDE CON ROQUEFORT;44999,9;27281,577;17718,323;39,37
1570;MOST A LA ANTIGUA X 360 G;5699,99;3802,788;1897,202;33,28
1595;TABLITA LOVE QUESOS;16299,99;11228,832;5071,158;31,11
1611;ESPARRAGOS MORANDO X 220 G;9499,99;6323,426;3176,564;33,44
1617;QUESO ADLER AZUL;2399,99;1648,802;751,188;31,3
1618;QUESO ADLER FONTINA;2399,99;1648,802;751,188;31,3
1619;QUESO ADLER GRUYERE;2399,99;1648,802;751,188;31,3
1620;QUESO ADLER JAMON;2399,99;1648,802;751,188;31,3
1621;QUESO ADLER SALAME;2399,99;1648,802;751,188;31,3
1622;QUESO CREMATTO LIGHT MILKAUT;2999,99;2057,625;942,365;31,41
1623;QUESO CREMATTO MILKAUT;2999,99;2057,625;942,365;31,41
1626;ROQUEFORT BAVARIA;29499,99;16698,699;12801,291;43,39
1627;PROVOLONE STA ROSA;40999,99;25750,074;15249,916;37,19
1631;LECHE ENTERA MILKAUT X 1 L;1649,99;1432,583;217,407;13,18
1638;QUESO ATUEL STA ROSA;29499,99;17320,584;12179,406;41,29
1667;HUMMUS GARBANZO FLV;2399,99;1738,531;661,459;27,56
1685;MERM BATATA CORMILLOT;2499,99;1659,635;840,355;33,61
1706;JAMON COCIDO EST SAN FRANC X 1;17199,96;10965,011;6234,949;36,25
1718;CERV BLEST FRAMB BOT;3699,99;2896,093;803,897;21,73
1719;CHEDDAR EN FETAS;20999,9;13193,079;7806,821;37,18
1720;PROVOLETA TROZ STA ROSA;46999,99;28427,566;18572,424;39,52
1724;YOG LIGHT C/ FRUTILLA MILK;1299,99;1052,304;247,686;19,05
1725;YOG LIGHT C/DURAZNO MILK;1299,99;1052,304;247,686;19,05
1727;YOG ENT C/DURAZNO MILK;1399,99;1104,193;295,797;21,13
1733;MORRON CASERO X 360 GRS;5899,99;4222,843;1677,147;28,43
1738;TAPA EMP CRIOLLA ROTISERA ORAL;6699,99;5016,359;1683,631;25,13
1739;TAPA EMP HOJALDRE ROTISERA ORA;6399,99;5016,359;1383,631;21,62
1743;CHIPS DE PAPA PAZZI;1749,99;1211,118;538,872;30,79
1746;QUESO AL PESTO MESSONIER;20999,99;12006,693;8993,297;42,83
1754;COMBO ESTANCIA;25499,99;16875,328;8624,662;33,82
1764;DURAZ EN ALM ALCO X 820 GRS;1699,99;1162,832;537,158;31,6
1774;QUESO EPICE AHUMADO MESSONIER;21999,99;13156,344;8843,646;40,2
1775;CHIPS DE PAPA Y QUESO;2299,99;1620,105;679,885;29,56
1803;MANTECOL CON ALMENDRAS;27999,99;17957,5;10042,49;35,87
1812;PUDDING CHOCO C/CHIPS;2599,99;1832,944;767,046;29,5
1813;PUDDING GOTAS DULC DE LECHE;2599,99;1832,944;767,046;29,5
1814;PUDDING VAINILLA C/FRUTOS SECO;2459,99;1832,944;627,046;25,49
1815;PUDDING LIMON C/SEM AMAPOLA;2599,99;1832,944;767,046;29,5
1816;PAN DULCE C/FRUTAS 100 DUCADOS;5499,99;3822,389;1677,601;30,5
1835;NACHOS GUACAMOLE MAIXANAS;1999,99;1422,665;577,325;28,87
1836;ROQUEFORT ALLOA OFERTA;15499,99;10004,501;5495,489;35,45
1849;PUDDING MARROC;2599,99;1832,944;767,046;29,5
1862;TORTILLAS ORALI INTEGRALES;1499,99;1006,072;493,918;32,93
1884;PIMENTON AHUM ESF;3799,99;2688,829;1111,161;29,24
1888;SAL 5 PIMIENTAS ESF;3259,99;2322,177;937,813;28,77
1901;MAYONESA AHUMADA ARYTZA X 340G;6399,99;4295,742;2104,248;32,88
1907;MIX ESPECIAL X 250 G;10299,99;7041,226;3258,764;31,64
1908;MIX FRUTAS C/PASAS X 250 G;5849,99;4023,561;1826,429;31,22
1909;MIX FRUT C/PASAS Y MANI X 250;5199,99;3609,362;1590,628;30,59
1911;NUEZ CUARTO X 250 G;8799,99;5502,81;3297,18;37,47
1920;TOMATE TRITURADO 1 L;2259,99;1605,528;654,462;28,96
1921;MANTECOL LINGOTE;14999,99;10107,881;4892,109;32,61
1923;CARPANO ROSSO;8799,99;6764,291;2035,699;23,13
1936;CREMA MILKAUT X 325 G;3699,99;2486,19;1213,8;32,81
1948;LECHE DESC MILKAUT X 1 L;1649,99;1432,583;217,407;13,18
1952;TOMATE DESH X 200 G;5499,99;3905,205;1594,785;29
1978;CASTANAS DE CAJU X 250 G;9299,99;6401,994;2897,996;31,16
1990;NUEZ MARIPOSA X 250 G;9199,99;5739,475;3460,515;37,61
1992;CHOCOLATADA MILKAUT X 1L;2599,99;2154,491;445,499;17,13
2001;PASTA DE AC MOLANES X 150 G;2899,99;1803,308;1096,682;37,82
2003;MOZZA EST SAN FRANCISCO;12999,99;7962,381;5037,609;38,75
2004;MOZZA EST SAN FRANCISCO X MEDI;11999,99;7962,381;4037,609;33,65
2006;PRE PIZZA JM;4299,99;2875,084;1424,906;33,14
2026;MANI SPICY HONEY ROASTED X 75;1399,99;912,974;487,016;34,79
2039;CRACKERS MANDIOCA SAB GUACAMOL;1999,99;1422,665;577,325;28,87
2040;CRACKERS REMOLACHA SAB MERKEN;1999,99;1422,665;577,325;28,87
2041;CRACKERS ZANAHORIA SAB SOUR CR;1999,99;1422,665;577,325;28,87
2057;ARROLL POLLO PROMO X 100 CATAN;16499,9;8618,373;7881,527;47,77
2058;ARROLL POLLO PROMO X 1/4 CATAN;14639,96;8618,373;6021,587;41,13
2059;MAT CARNE PROMO X 100 CATANIA;16499,9;8471,767;8028,133;48,66
2060;MAT CARNE PROMO X 1/4 CATANIA;14799,96;8471,767;6328,193;42,76
2061;ARROLL POLLO ESF X 100 G;21999,9;10884,577;11115,323;50,52
2062;ARROLL POLLO ESF X 1/4 KG;18799,96;10884,577;7915,383;42,1
2063;MAT CARNE ESF X 100 G;27999,9;14654,666;13345,234;47,66
2064;MAT CARNE ESF X 1/4 KG;24799,96;14654,666;10145,294;40,91
2071;MOZZARELLA AHUMADA ESF;13499,99;8687,727;4812,263;35,65
2078;PARMESANO SAN ISIDRO;22999,99;13204,125;9795,865;42,59
2080;BABAGANUSH ONNEG X 220 G;6299,99;4636,115;1663,875;26,41
2081;JUST HUMMUS ONNEG X 220 G;3999,99;2960,658;1039,332;25,98
2082;POCHOCLOS DULCES BIGGYS X 100;1699,99;1164,991;534,999;31,47
2083;POCHOCLOS SWEET & SALT BIGGYS;1699,99;1164,991;534,999;31,47
2085;AC OLIVA ZUELO BOT X 250 ML OR;9599,99;6826,85;2773,14;28,89
2086;AC OLIVA ZUELO LATA X 500 ML I;16999,99;11913,536;5086,454;29,92
2090;PAN DE HAMB CON QUESO MALU;2559,99;1758,12;801,87;31,32
2095;PUDDING FRUT DEL BOSQUE;2599,99;1832,944;767,046;29,5
2097;PREPIZZA MASA MADRE;3399,99;2276,778;1123,212;33,04
2098;ALFAJORCITOS AZUCAR MASA MADRE;3799,99;2515,826;1284,164;33,79
2099;ALFAJORCITOS MAICENA MASA MADR;3799,99;2515,826;1284,164;33,79
2110;PAN DULCE C/CHIPS 100 DUC X 50;4399,99;2989,789;1410,201;32,05
2121;PORCHETA;24999,9;12745,42;12254,48;49,02
2124;HOT RELISH X 400 G LAGRIMA DEL;6799,99;4199,123;2600,867;38,25
2140;YOG DUR DAHI DESC. X 190GRS;2159,99;1594,976;565,014;26,16
2141;YOG FR DEL B DAHI DESC. X190G;2159,99;1594,976;565,014;26,16
2142;YOG FRUT DAHI DESC. X190G;2159,99;1594,976;565,014;26,16
2143;YOG DUR DAHI  X 190GRS;2199,99;1594,976;605,014;27,5
2144;YOG F. DEL BO DAHI X190;2159,99;1594,976;565,014;26,16
2145;YOG FRUTI DAHI X 190G;2159,99;1594,976;565,014;26,16
2146;FYMBO LACTEOS PREMIUM;16999,99;10929,494;6070,496;35,71
2147;PATEGRAS LACTEOS PREMIUM;16999,99;10436,54;6563,45;38,61
2150;MERM ARANDANO ESNAOLA;4999,99;3409,07;1590,92;31,82
2151;MERM FR ROJOS ESNAOLA;5099,99;3409,07;1690,92;33,16
2152;SALSA CAESAR VANOLI X 350 G;3999,99;2471,249;1528,741;38,22
2153;MERM S/AZ MORA LAS QUINAS;5999,99;4056,542;1943,448;32,39
2202;HARINA DE GARB FAINALIND;2099,99;1598,474;501,516;23,88
2203;TORTILLA ESPINACA ORALI;1499,99;1006,072;493,918;32,93
2204;TORTILLA CHEDDAR ORALI;1499,99;1006,072;493,918;32,93
2214;GALLETAS CLASICAS;4000;3000;1000;25
2216;ROQUEFORT AHUMADO ALLOA;19999,99;12815,079;7184,911;35,92
2314;BOC. LICOR C/CHOCO X150GR LC;3899,99;2524,593;1375,397;35,27
2319;MANI SALADO DEC X 75GR;1399,99;912,974;487,016;34,79
2322;MANTECA X 100GR LS;1799,99;1521,01;278,98;15,5
2344;DDL X 400 LA SERENISIMA;2999,99;2199,596;800,394;26,68
10078;TABLITA PICADA ESF;2499,99;1570,411;929,579;37,18
